100-km Team Trial Course, Minskoye Shosse
A-17 cycling circuit
Acapulco Jai-Alai
Acapulco Yacht Club
Acer Arena (2006-Present)
Acquasanta Golf Club Course
Adler Arena Skating Centre
Adler-Arena, Coastal Cluster
Adriatic Stadium
Adriatico Stadium
Agios Kosmas Olympic Sailing Centre
Agustín Melgar Olympic Velodrome
Agustín Melgar Olympic Velodrome, Magdalena Mixhuca Sports City
Ahvenisto
Ahvenisto Administrative Building
Ahvenisto Outdoor Swimming Pool
Ahvenisto Ridge
Ahveniston hallintorakennus
Ahveniston harju
Ahveniston maauimala
Air Station, Vincennes Park
Airfield, Staaken
Aithousa Ksifaskias, Olympiako Syngrotima Ellenikou
Albano Lake
Alberca Olímpica Francisco Márquez
Alberca Olímpica Universitaria, Universidad Nacional Autónoma de México
Albert Gersten Pavilion
Albert Gersten Pavilion, Loyola Marymount University (also known as Hank's House)
Aldershot Command Central Stadium
Aldershot Lido
Aldershot Pool/Aldershot Lido
Aldershot Pools (?-Present)
Alexander Memorial Coliseum
Alexander Memorial Coliseum (also known as The Dome, The Thrillerdome)
Alexander Memorial Coliseum at McDonalds Center (1996-2005), Hank McCamish Pavilion (2012-)
All England Lawn Tennis and Croquet Club
All-England Lawn Tennis & Croquet Club
Alonzo Herndon Stadium
Alonzo Herndon Stadium, Morris Brown College
Alpensia Biathlon Centre
Alpensia Biathlon Centre, Alpensia Resort, Mountain Cluster
Alpensia Cross-Country Centre
Alpensia Cross-Country Centre, Alpensia Resort, Mountain Cluster
Alpensia Olympic Sliding Centre
Alpensia Ski Jumping Centre, Alpensia Resort, Mountain Cluster
Alpensia Ski Jumping Stadium
Amazônia Arena
Amersfoort
Amsterdam - The Hague Road Race Course
Amsterdam Olympic Stadium
Amsterdam Stadium
Amsterdamsche Stadion (also known as Oude Stadion, Harry Eltestadion)
Anaheim Convention Center
Ancient Olympic Stadium
Ancient Stadium
Anneau de Vitesse
Anneau de Vitesse de Grenoble
Ano Liosia Olympic Hall
Antwerp Olympic Stadium (Olympisch Stadion)
Antwerp Swimming Stadium
Antwerp Water Sports Stadium
Ao Ti Zhongxin Tiyuchang, Beijing Aolinpike Gongyuan
Ao Ti Zhongxin Tiyuguan, Beijing Aolinpike Gongyuan
Aomi Urban Sports Park
Apollonio Stadium
Aqua Wing
Aqua Wing Arena
Arc 2000
Arch of Constantine
Archery Field
Archery Range
Archery Range, English Garden
Arco di Constantino
Ardenza Stadium
Arena Carioca 1, Parque Olímpico da Barra
Arena Carioca 2, Parque Olímpico da Barra
Arena Carioca 3, Parque Olímpico da Barra
Arena Copacabana
Arena Corinthians
Arena Corinthians (also known as Itaquerão)
Arena Fonte Nova
Arena Modelo (1910s-1950s)
Arena México
Arena Olímpica do Rio, Parque Olímpico da Barra
Arena da Amazônia
Arena da Amazônia Vivaldo Lima
Arena da Juventude, Parque Olímpico de Deodoro
Arena de Deodoro
Arena do Futuro, Parque Olímpico da Barra
Argenteuil Basin
Ariake Arena
Ariake Gymnastics Centre
Ariake Tennis Forest Park
Ariake Urban Sports Park
Army School of Physical Training
Army's Command Central Stadium
Around Harmaja Island (lighthouse) and Liuskasaari Island
Arsenal Stadium (Highbury Stadium)
Arsenal Stadium (also known as Highbury)
Artesia Freeway
Artficial Bob and Luge Track
Arto Tolsa Areena (?-Present)
Aréna Maurice Richard
Aréna Maurice-Richard
Aréna Saint-Michel
Asaka Nezu Park
Asaka Shooting Range
Asaka Shooting Range, Nezu Park
Asturian Sports Centre
Ateneu Pavillion
Athens Lawn Tennis Club
Athens-Marathon-Athens
Athletics Fieldhouse, CSKA Sports Complex
Atlanta Beach
Atlanta Fulton County Stadium
Atlanta Olympic Village
Atlanta-Fulton County Stadium (also known as Fulton County Stadium, The Launching Pad)
Atlas Sports Club
Auditorio Municipal (?-?)
Auditorio Nacional
Augsburg Sports Hall
Aussie Stadium (2002-07)
Ausstellungsgelände Halle VI, Kaiserdamm
Auteuil Hippodrome
Auteuil-Villacoublay
Autobahn München - Lindau, Ausfahrt Schäftlarn
Autrans
Außenförde
Avarando Golf Club
Avus Motor Road
Avus North Curve
Avus-Nordschleife
Avándaro Golf Club
Axamer Lizum
Aztec Stadium
Azteca Stadium
BMX Track
BMX Track, London Velopark, Olympic Park
BSV Field
BSV-Platz
Badalona Municipal Palace of Sports
Badminton Theatre (2007-Present)
Bagatelle Polo
Baji Koen Equestrian Park
Baji Koen Equestrian Park (also known as JRA Equestrian Park)
Banyoles Lake
Bardonecchia
Bardonecchia Olympic Village
Barkaby to Rinkeby
Baseball Stadium
Basilica di Massenzio
Basilica of Maxentius
Basketball Arena
Basketball Arena, Olympic Park
Basketball Hall
Basketball Hall, Siegenburger Street
Basketballhalle, Siegenburger Straße
Bassin Olympique
Bassin d'Argenteuil
Bassin de la Seine
Bassin olympique, Île Notre Dame
Baths of Caracalla
Bay of Naples
Bay of Zea
Beach Volleyball Arena
Beach Volleyball Centre
Beach at Clayton County International Park (?-Present)
Beijing Aolinpike Gongyuan Qugunqiu Chang, Beijing Aolinpike Gongyuan
Beijing Aolinpike Gongyuan Shejianchang, Beijing Aolinpike Gongyuan
Beijing Aolinpike Gongyuan Wangqiuchang, Beijing Aolinpike Gongyuan
Beijing Aolinpike Lanqiuguan
Beijing Daxue Tiyuguan (also known as China’s Spine)
Beijing Gongren Tiyuguan (also known as Beijing Workers' Indoor Arena)
Beijing Gongye Daxue Tiyuguan
Beijing Guojia Tiyuchang, Beijing Aolinpike Gongyuan (also known as The Bird's Nest)
Beijing Guojia Youyong Zhongxin, Beijing Aolinpike Gongyuan (also known as Water Cube)
Beijing Hangkong Hangtian Daxue Tiyuguan (also known as Beihang University Gymnasium)
Beijing Institute of Technology (BIT) Gymnasium
Beijing Institute of Technology Gymnasium
Beijing Keji Daxue Tiyuguan
Beijing Ligong Daxue Tiyuguan
Beijing National Aquatics Centre, Beijing Olympic Green
Beijing National Stadium
Beijing Olympic Basketball Arena
Beijing Olympic Green Hockey Stadium
Beijing Olympic Green Tennis Centre
Beijing Olympic Village
Beijing Science and Technology University (USTB) Gymnasium
Beijing Science and Technology University Gymnasium
Beijing Shejichang Feidie Bachang
Beijing Shejiguan
Beijing Shooting Range CTF
Beijing Shooting Range Clay Target Field
Beijing Shooting Range Hall
Beijing University Gymnasium
Beijing University of Aeronautics & Astronautics Gymnasium
Beijing University of Aeronautics and Astronautics Gymnasium
Beijing University of Technology (BJUT) Gymnasium
Beijing University of Technology Gymnasium
Beijing Workers' Gymnasium
Beijing Workers' Stadium
Bel-lo-deu-rom, Ol-lim-pik Gong-won
Bergeyre Stadium
Bergisel Ski Jump
Bergisel Ski Jump (Bergiselschanze)
Bergiselschanze
Berlin Olympic Stadium
Berlin Olympic Swimming Stadium
Berlin Olympic Village
Bernat Picornell Pools
Bernat Picornell Swimming Pool
Beverlo Camp
Beverloo Camp (Kamp Beverloo)
Big Air Shougang
Big Hat
Big Hat (also known as Wakasato Multi-Purpose Sports Arena)
Biodôme de Montréal (1992-Present)
Birkebeineren Ski Stadium
Birkebeineren Skistadion
Bislett Stadion
Bislett Stadium
Bisley (Bisley National Rifle Association Ranges)
Bisley Rifle Range
Bjelašnica
Blacktown Baseball Centre
Blacktown Baseball Stadium, Blacktown Olympic Park
Blue and Red Palace
Blyth Memorial Arena
Blyth Memorial Ice Arena
Bob sleighbanen (also known as Korketrekkeren)
Bobbahn und Rodelbahn Igls
Bobsleigh Course
Bobsleigh Run
Bobsleigh Track
Bobsleigh and Luge Track
Bogenschießanlage, Englischer Garten
Bois de Vincennes
Bokwang Phoenix Park
Bolshaya Sportivaya Arena Olimpiyskogo Kompleksa Luzhniki (?-Present)
Bolshaya arena, Stadion Dynamo
Bolshaya arena, Tsentralny stadion imeni V.I. Lenina (also known as Stadion Luzhniki)
Bolshoy Ice Dome
Bondi Beach Volleyball Centre
Borghese Street
Boulodrome de Saint-Mandé, Parc de Vincennes
Boulodrome de Saint-Mandé, Vincennes Park
Boxhalle, Olympiapark
Boxing Hall
Boxing Hall, Olympic Park
Boxing/Wrestling Pavilion
Breteuil Square
Brisbane Cricket Ground
Brisbane Cricket Ground (also known as The Gabba)
Broadmeadows
Brood Street Stadium
Broxbourne White Water Canoe Centre (2010-?)
Bruce Stadium
Buckhead Cycling Course
Buiten-IJ
Burdine Stadium (?-1959)
Busan Yachting Center
Böblingen Sports Hall
C-Hall
Calgary Olympic Village
Camp de Châlons
Camp de Châlons / Stand Olympique de Châlons-sur-Marne
Camp de Satory
Camp militaire de Satory
Campo Marte
Campo Marte, Bosque de Chapultepec
Campo Militar No. 1
Campo Municipal de Futbol de la Feixa Llarga (?-Present)
Campo Olímpico de Golfe, Reserva de Marapendi
Campo Olímpico de Tiro con Arco (also known as Camb Olímpic de Tir amb Arc)
Campo de Tiro Olímpico de Mollet (also known as Camp de Tír Olímpic de Mollet)
Campo di Tiro a Volo Lazio
Canada Hockey Place
Canada Olympic Park
Canada Olympic Park - Bobsleigh and Luge track
Canada Olympic Park - Freestyle Area
Canada Olympic Park - Ski Jumps
Canadian Airlines Saddledome (1995-2000), Pengrowth Saddledome (2000-2010), Scotiabank Saddledome (2010-Present)
Canal Olímpico de Cataluña (also known as Canal Olímpic de Catalunya)
Canalone
Canmore Nordic Centre
Canmore Olympic Village
Canoe Slalom Course
Canoe Slalom Course at the Eiskanal
Canoeing and Rowing Basin
Canoeing and Rowing Basin, Krylatskoye Sports Complex
Capital Gymnasium
Capital Indoor Stadium
Caracalla Baths
Carioca Arena 1
Carioca Arena 1, Barra Olympic Park
Carioca Arena 2
Carioca Arena 2, Barra Olympic Park
Carioca Arena 3
Carioca Arena 3, Barra Olympic Park
Casino Seefeld Arena
Casserousse
Castelldefels Olympic Canal
Catalan Cross, Boulogne Forest
Catalonia Circuit
Catalonia National Institute of Physical Education (INEFC)
Catalonia Olympic Canal
Celebration Hall, Royal Zoological Society
Celebration Hall, Royal Zoological Society (Feestzaal, Koninklijke Zoölogische Maatschappij)
Centennial Olympic Stadium
Centennial Parklands
Central Gymnasium or Command Central Gymnasium
Centre Claude-Robillard
Centre Equestre olympique
Centre Etienne-Desmarteau
Centre Paul-Sauvé
Centre Pierre-Charbonneau, Parc olympique
Centre Sportif maisonneuve (Centre Pierre Charbonneau)
Centre olympique de yachting
Centre Étienne Desmarteau
Centre équestre olympique
Centro Aquático de Deodoro, Parque Olímpico de Deodoro
Centro Deportivo Asturiano
Centro Deportivo Chapultepec
Centro Deportivo Libanés
Centro Equestre Federale
Centro Federale
Centro Municipal de Tenis Vall d'Hebron
Centro Olímpico de BMX, Parque Olímpico de Deodoro
Centro Olímpico de Hipismo, Parque Olímpico de Deodoro
Centro Olímpico de Hóquei, Parque Olímpico de Deodoro
Centro Olímpico de Tiro, Parque Olímpico de Deodoro
Centro Olímpico de Tênis, Parque Olímpico da Barra
Centro de Mountain Bike, Parque Olímpico de Deodoro
Cercle de la Voile de Paris
Cercle de la Voile de Paris, Meulan
Cercle du Bois de Boulogne
Cercle du Bois de Boulogne, Pelouse de Madrid
Cesana San Sicario
Cesana Torinese
Cesano Shooting Range
Champ de Courses, Bois de Vincennes
Champion Hill
Chamrousse
Changchung Gymnasium
Chaoyang Gongyuan Shatan Paiqiu Chang
Chaoyang Park Beach Volleyball Ground
Chapultepec Sports Centre
Che-yuk-gwan, Han-yang Dae-hak-gyo
Che-yuk-gwan, Ol-lim-pik Gong-won
Che-yuk-gwan, Seo-ul Dae-hak-gyo
Chichibunomiya Ragubijo
China Agricultural University Gymnasium
Châlons Camp
Circle of Boulogne Forest
Circolo del Golf di Roma Acquasanta
Circuit Fairview
Circuit Mont-Royal
Circuito Grottarossa
Circuito Satélite
Circuito de Cataluña (also known as Circuit de Catalunya)
City University London (1966-present)
City of Coventry Stadium
Ciudad Universitaria Swimming Pool
Clark Atlanta University Stadium
Claude Robillard Centre
Clifford Falls Cross-Country Skiing Route
Club Hípico El Montanyà (also known as Club Hípic El Montayá)
Club Joventut Pavillion
Club Patí Pavillion
Club de Golf Avándaro
Club de Yates Acapulco
Coast Highway
Coastal Olympic Village
Col Drusciè
Colombes Fencing Stadium
Colombes Olympic Stadium
Colombes Tennis Stadium
Combined Athletic Grounds, Tokyo Daigaku
Combined Athletic Grounds, Tokyo University
Communal Stadium, Florence
Communal Stadium, Grosseto
Communal Stadium, L'Aquila
Compiègne Golf Club
Complejo Deportivo Municipal Mar Bella (?-Present)
Complexe sportif Claude-Robillard (?-Present)
Congress Palace
Copacabana Stadium
Copper Box
Copper Box, Olympic Park
Corinthians Arena
Cortina d'Ampezzo Olympic Ice Stadium
Corviglia
Corviglia/Piz Nair
Coto de Caza
Coto de Caza Equestrian Center
Courchevel - Cross-Country Stadium (Stade de ski de fond)
Courts de la Société des Sports de l'île de Puteaux / Cercle de Puteaux
Craven Cottage
Craven Cottage (also known as The Cottage)
Cresta Run
Creve Coeur Lake
Cricket Field
Cricketveld
Croix Catelan, Bois de Boulogne
Croix-Catelan
Cross Country Skiing Stadium
Cross-country Circuit
Cuauhtémoc Stadium
Cycling Road Course, Centennial Parklands
Cycling Stadium (Olympia-Radstadion)
Cycling Stadium, Olympic Park
Cygnes Island
Cypress Mountain
Cypress Mountain – Snowboard Stadium – Freestyle Skiing Stadium
DEVA-Schießstand Wannsee (?-Present)
Dae-gu Si-min Un-dong-jang
Dae-jon Han-bat Jong-hab-un-dong-jang
Daegu Civic Stadium
Daejeon Hanbat Stadium
Dante Bath
Dante Baths
Dantebad
Daumesnil Lake
Deer Valley Resort
Dekelia Archery Field
Delta Center (1991-2006), EnergySolutions Arena (2006-Present)
Deodoro Aquatics Centre
Deodoro Aquatics Centre, Deodoro Olympic Park
Deodoro Stadium
Deodoro Stadium, Deodoro Olympic Park
Deutschlandhalle
Dietrich Eckart Open Air Theatre
Dietrich Eckart Open Air Theatre, Imperial Sports Field
Dietrich-Eckart-Freilichtbühne, Reichssportfeld
Dirt Courts near Francis Field
Dirt Courts near Francis Field, Washington University
District of Columbia Stadium (?-1969)
Djurgården Bay
Djurgårdsbrunnsviken
Dodger Stadium
Dome
Donau Hall
Donauhalle
Dong-dae-mun Un-dong-jang
Dongdaemun Stadium
Dr. Theodore T. Alexander Science Center (?-Present)
Drammen Marienlyst Stadium
Drei Flüsse Stadium
Drei-Flüsse-Stadion
Dressage Grounds, Nymphenburg
Dressuranlage, Nymphenburg
Druzhba Multi-Purpose Arena
Druzhba Multipurpose Arena
Duden Park Stadium
Dunc Gray Velodrome
Dvorets Zimnego Sporta Aisberg, Coastal Cluster
Dvorets sporta Dynamo
Dvorets sporta Izmaylovo
Dvorets sporta Sokolniki
Dvorets sporta, Tsentralny stadion imeni V. I. Lenina
Dvorets sporta, Universalny sportivny kompleks CSKA
Dynamo Palace of Sports
Dynamo Shooting Range
Dynamo Stadium
Dæhlenenga (Idrettspark)
Dæhlenenga Idrettsplass
Dæhlenenga Sports Field
Dælenenga (?-Present)
Döberitz Military Drill Grounds
E Center
ESV Ingolstadt Stadium
ESV Stadium
ESV-Stadion
EWS-Arena (2008-Present)
Eagle's Nest Arena
Eagle's Nest Arena, California State University at Los Angeles
Earls Court Exhibition Centre
East Beach
East Los Angeles Stadium (?-?)
East Rink
East Village
Eastern Rink
Edwin W. Pauley Pavilion
Eiskanal
Eisschnellaufbahn im Olympiaeisstadion
Ekimae-Dori
Ekstrim-Park Rosa Khutor
El Dorado Park
El Montanyà Equestrian Centre
El Montanyà Equestrian Club
Ellenhill, Råsunda
Empire Pool
Empire Pool (1934-1978)
Empire Stadium (Wembley)
Empire Stadium (also known as Wembley Stadium)
Empress Hall (Earl's Court)
Empress Hall, Earls Court Exhibition Centre
Enoshima Yacht Harbour
Estació del Nord Sports Hall
Estadio Azteca (also known as Coloso de Santa Úrsula)
Estadio Cuauhtémoc
Estadio Jalisco
Estadio León (also known as Estadio Nou Camp)
Estadio Luis Casanova
Estadio Mestalla (1994-Present)
Estadio Municipal de Hockey, Ciudad Deportiva Magdalena Mixhuca
Estadio Olímpico (also known as Estadi Olímpic)
Estadio Olímpico Lluís Companys (?-Present)
Estadio Olímpico Universitario
Estadio Olímpico de Montjuïc
Estadio Pau Negre
Estadio de Béisbol de Llobregat (also known as Estadi de Beisbol de Llobregat)
Estadio de Béisbol de Viladecans (also known as Estadi de Beisbol de Viladecans)
Estadio de La Romareda
Estadio de Sarriá (also known as Estadi de Sarrià)
Estadio de la Nova Creu Alta (also known as Estadi de la Nova Creu Alta)
Estadio del FC Barcelona (also known as Estadi del FC Barcelona)
Estádio Aquático Olímpico, Parque Olímpico da Barra
Estádio Governador Magalhães Pinto
Estádio Jornalista Mário Filho
Estádio Nacional de Brasília Mané Garrincha
Estádio Nilton Santos
Estádio Olímpico João Havelange (also known as Engenhão)
Estádio da Lagoa, Lagoa Rodrigo de Freitas
Estádio de Canoagem Slalom, Parque Olímpico de Deodoro
Estádio de Deodoro, Parque Olímpico de Deodoro
Estádio do Maracanã
Ethniko Kaftanzogleio Stadio Thessalonikis
Eton Dorney (also known as Dorney Lake, Eton College Rowing Centre)
Eton Dorney Rowing Centre
ExCeL (also known as Exhibition Centre London)
ExCeL - North Arena 1
Exhibit Hall, Long Beach Convention and Entertainment Center
Exhibition Area Hall VI, Kaiserdamm
Exhibition Building
Exhibition Complex (Pavilions 2, 3, 4)
Exhibition Hall I
Exhibition Hall I, II (Messuhalli I, II)
Exhibition Hall II
Exhibition Hall, Long Beach Convention and Entertainment Center
FC Barcelona Stadium
Faboda Natural Reserve, Lilljansskogen (Stockholm)
Fairbanks Ranch
Fairfield City Farm
Faliro Sports Pavilion Arena, Faliro Coastal Zone Olympic Complex
Father David Bauer Olympic Arena
Fechthalle 1, Messegelände (Halle 11 & 12)
Fechthalle 2, Messegelände (Halle 20)
Federal Centre
Federal Equestrian Centre
Feestzaal, Koninklijke Zoölogische Maatschappij
Fencing Ground just outside White City Stadium
Fencing Grounds
Fencing Hall
Fencing Hall 1
Fencing Hall 1, Exhibition Lands (Hall 11 & 12)
Fencing Hall 1, Exhibition Lands (Hall 20)
Fencing Hall 2
Fencing Hall of National Convention Centre
Fencing Pavilion
Fencing Stadium/Pavilion
Fengtai Sports Center Softball Field
Fengtai Sports Centre Softball Field
Fengtai Tiyu Zhongxin Leiquichang
Fernando Montes de Oca Fencing Hall
Fernando Montes de Oca Fencing Hall, Magdalena Mixhuca Sports City
Festival Hall (1960s-Present)
Field House International Ice Rink
Field of Mars, Chapultepec Park
Finchley Open Air Pool
Finchley Pool
Fisht Olympic Stadium
Flaminio Stadium
Floraliën, Middelheimpark
Florida Citrus Bowl
Flower Hall (Floraliën), Middelheim Park
Flower Hall, Middelheim Park
Flugplatz, Staaken
Fonte Nova Arena
Football Fieldhouse, CSKA Sports Complex
Football pitches by the Olympic Stadium
Fort Copacabana
Forte de Copacabana
Forum
Francis Field Stadium
Francis Field, Washington University
Francisco Márquez Olympic Pool
Francisco Márquez Olympic Swimming Pool
Frank Clair Stadium (1993-Present)
Frankenstadion (1991-2006), easyCredit Stadion (2006-Present)
Franklin L. Forbes Arena, Morehouse College (also known as Forbes Arena)
Fratton Park
Fronton de Neuilly / Terrain de la Société du Jeu de pelote
Fronton de Paris
Frontón Metropolitano
Frontón México
Fuji Speedway
Fukushima Azuma Baseball Stadium
Fuorigrotta Stadium
Futbolny polya, Legkoatletichesky futbolny kompleks
Future Arena
Future Arena, Barra Olympic Park
Galatsi Olympic Hall
Gangneung Curling Centre
Gangneung Curling Centre, Gangneung Olympic Park, Coastal Cluster
Gangneung Hockey Centre
Gangneung Hockey Centre, Gangneung Olympic Park, Coastal Cluster
Gangneung Ice Arena
Gangneung Ice Arena, Gangneung Olympic Park, Coastal Cluster
Gangneung Olympic Village
Gangneung Oval
Gangneung Oval, Gangneung Olympic Park, Coastal Cluster
Garden City Velodrome
Garden City Velodroom
General Motors Place (1995-2010), Rogers Arena (2010-Present)
Genting Resort Secret Garden
Genting Snow Park
Georgia Coliseum, University of Georgia
Georgia Dome
Georgia International Horse Park
Georgia International Horse Park (also known as The Horse Park)
Georgia State University Gymnasium
Georgia State University Sports Arena (also known as GSU Arena)
Georgia Tech Aquatic Center
Georgia Tech Student Athletic Center (?-?), Georgia Tech Campus Recreation Center (?-Present)
Georgia World Congress Center
Georgia World Congress Center (Halls D, E, F, G, H)
Georgios Karaiskakis Stadium
Germany Hall
Gewichtheberhalle, Messegelände (Halle 7)
Gimnasio Olímpico Juan de la Barrera
Ginásio Gilberto Cardoso
Ginásio do Maracanãzinho
Gjøvik Olympic Cavern Hall
Glen Echo Country Club
Glory Church of Jesus Christ (2005-Present)
Golden Ball Park
Golden Park
Goldstone Ground
Golf Course
Golf de Compiègne
Golfplatz
Gonglu Zixingche Saichang
Gongren Tiyuchang (also known as Gong-Ti)
Gornolyzhniy Tsenter Rosa Khutor, Mountain Cluster
Goudi Olympic Hall
Goudi Olympic Hall, Goudi Olympic Complex
Grand Arena
Grand Arena, Central Lenin Stadium Area
Grand Arena, Dynamo Stadium
Grand Celebration Hall of the Exposition, Field of Mars
Grand Olympic Auditorium
Grand Palace of the Champs-Elysées
Grand Palais des Champs-Elysées
Grand Parquet Hippodrome
Grande Salle des Fêtes de l'Exposition, Champ de Mars
Granollers Palace of Sports
Grebnoy kanal, Sportivny komplex Krylatskoye
Green Pond Road
Green Pond Road Stadium (also known as The Pond)
Greenwich Park
Grenoble Olympic Village
Griffin Park
Griffith Park area
Grottarossa Circuit
Grünau Regatta Course
Grünwald Course
Gu-deog Un-dong-jang
Guadalajara Country Club
Guadalajara Sports Club
Gudeok Stadium
Gudiberg
Guinness Sports Ground
Guinness Sports Ground, Park Royal
Guojia Huiyi Zhongxin, Beijing Aolinpike Gongyuan
Guojia Tiyuguan, Beijing Aolinpike Gongyuan
Gyeong-ma Gyu-yug-won, Won-dang
Gymnasium and Cupola Hall (Haus des Deutschen Sports)
Gymnasium, Hanyang University
Gymnasium, Seoul National University
HSBC Arena, Rioarena
Hachioji Cycling Road Race Course
Hachioji Jitenshakyogijo
Hachioji Road Race Course
Hachioji Velodrome
Hadleigh Farm
Hafjell Alpine Centre
Hafjell Alpinsenter
Hakuba Happo'one Ski Area
Hakuba Ski Jumping Stadium
Hala Skenderija II
Hala Zetra (also known as Olimpijska Dvorana Juan Antonio Samaranch (2010-Present))
Hamar Olympic Amphitheatre
Hamar Olympic Hall (Vikingskipet)
Hamar Olympic Subsite Village
Hampden Park
Hampton Court Palace
Han River Regatta Course
Handball Arena (2011-2012)
Hanyang University Gymnasium
Happo'one
Harmaja
Harringay Arena
Harvard Stadium
Haus des Sports, Kuppelsaal, Reichssportfeld
Helliniko Fencing Hall
Helliniko Indoor Arena
Helsingfors Segelsällskap, Liuskasaari
Helsingin Olympiastadion
Helsingin Taidehalli
Helsingin Uimastadion
Helsingin Velodromi
Helsinki Olympic Stadium
Helsinki Olympic Village (Olympiakylä)
Helsinki Sailing Society, Liuskasaari
Helsinki Swimming Stadium
Helsinki Velodrome
Hem Bridge
Hembrug
Henley Royal Regatta Course
Henley-on-Thames (site of the Royal Regatta Course)
Heritage Park Aquatic Center
Heritage Park Aquatic Center (?-Present)
Herne Hill Track/Velodrome
Herne Hill Velodrome
Hertha BSC Field
Hertha-BSC-Platz (also known as Plumpe)
Highway München - Lindau, Schäftlarn Exit
Hindenburg Shore
Hindenburgufer, Kieler Förde
Hindmarsh Stadium
Hippodrome d'Auteuil
Hippodrome du Grand Parquet
Hitomebore Stadium Miyagi, ひとめぼれスタジアム宮城
Hockey Fields
Hockey Grounds, Olympic Park
Hockey Stadium
Hockey Stadium (Hockeystadion)
Hockeyanlage, Olympiapark
Hockeystadion
Hohenstaufen Hall
Hohenstaufenhalle
Holmenkoll Ski Jumping Hill
Holmenkollbakken
Holmenkollen Cross Country Centre
Holmenkollen Cross-Country Races Centre
Holmenkollen Langrennssentret
Holmenkollen Ski Jumping Hill
Homilos Antisfairiseos Athinon
Hong Kong Equestrian Venue
Hong Kong Olympic Equestrian Venue (Beas River)
Hoogboom Country Club
Horse Guards Parade Beach Volleyball Venue
Horse Guards Parade, Centre Court
Horta Velodrome
House of Sports, Cupola Hall, Imperial Sports Field
Huopalahden Suomen Metsästysyhdistyksen ampumarata
Huopalahti
Huopalahti Range of Finnish Hunting Society
Hurlingham Polo Grounds
Hwarang Archery Field
Hyde Park
Hämeenkylä
Håkon Hall
Håkons Hall
IJspaleis Antwerpen
Ice Cube Curling Center
Ice Cube Curling Centre
Ice Palace
Ice Palace Antwerp
Ice Rink
Ice Rink for Speed Skating Zetra
Ice Rink of the Insurgents
Ice Stadium
Iceberg Skating Palace
Igman - Veliko Polje
Igman Olympic Jumps
Iizuna Kogen Resort
Iizuna Kogen Ski Area
Ila Olympic Village
Indoor Stadium
Indoor Stadium, Olympiysky Sports Complex
Indoor Swimming Pool, Olympic Park
Industrial Spain Pavillion
Inglewood area
Innsbruck Exhibition Centre
Innsbruck Olympic Village
Institut Nacional d'Educació Física de Catalunya (INEFC)
Instituto Nacional de Educación Física de Cataluña (INEFC)
Insurgentes Ice Rink
Insurgentes Theatre
International Stadium Yokohama (also known as Nissan Stadium)
Interval Ski Hill/Olympic Ski Hill
Interval Ski Jumps/Olympic Ski Jumps
Intervale Ski Jump Complex
Issy-les-Moulineaux Shooting Stand
Itaipava Arena Fonte Nova
Itaipava Arena Fonte Nova, Complexo Esportivo Cultural Octávio Mangabeira
Italian Infantry Exercise School
Izmailovo Sports Palace
Izmaylovo Palace of Sports
Izu Mountain Bike Course
Izu Velodrome
Jahn Stadium
Jahnstadion
Jahorina
Jalisco Stadium
Jam-sil Che-yuk-gwan, Seoul Sports Complex
Jam-sil Hak-saeng Che-yuk-gwan, Seoul Sports Complex
Jam-sil Su-yeong-jang, Seoul Sports Complex
Jam-sil Ya-gu-jang, Seoul Sports Complex
James B. Sheffield Olympic Skating Oval
James B. Sheffield Olympic Skating Rink/Olympic Stadium
James C. Sheffield Speed Skating Oval
Jamsil Baseball Stadium, Seoul Sports Complex
Jamsil Gymnasium
Jamsil Gymnasium, Seoul Sports Complex
Jamsil Indoor Swimming Pool
Jamsil Indoor Swimming Pool, Seoul Sports Complex
Jamsil Olympic Stadium (?-Present)
Jamsil Students' Gymnasium
Jamsil Students' Gymnasium, Seoul Sports Complex
Jang-chung Che-yuk-gwan
Jangchung Gymnastium
Japan National Stadium (also known as 国立競技場,)
Jardin des Tuileries
Jeongseon Alpine Centre
Jeongseon Alpine Centre, Mountain Cluster
John Lyons' Sports Ground
Jordal Amfi
Jordal Amphitheatre
Jordal Stadion
Jordal Stadium
João Havelange Olympic Stadium
Juan Escutia Palace of Sports, Magdalena Mixhuca Sports City
Juan Escutia Palacio de los Deportes, Ciudad Deportiva Magdalena Mixhuca
Juan Escutia Sports Palace
Juan de la Barrera Olympic Gymnasium
Jules Otten Stadium
Jules Ottenstadion (also known as Den Ot)
KT-22
Kadettangen
Kaftantzoglio Stadium
Kaftanzoglou National Stadium of Thessaloniki
Kaknäs Shooting Range, Djurgården
Kaknäs, Djurgården
Kallithea stand
Kamp Beverlo
Kanbayashi Sports Park
Kanthaugen Freestyle Arena
Kanuslalomanlage
Karaiskakis Stadium
Karla Road 10
Karlavägen 10
Karuizawa Equestrian Venue
Karuizawa Equestrian Venue, Nagano
Kasai Canoe Slalom Centre
Kasai Canoe Slalom Centre at Kasai Rinkai Park
Kashima Stadium
Kasumigaseki Country Club
Kauriala Field
Kaurialan Kenttä
Kazakoshi Park Arena
Kiel Bay
Kiel Fjord
Kieler Förde
Kirov Stadium
Kisapuisto Stadium
Kleisto Gipedo, Olympiako Syngrotima Ellenikou
Kleisto Gymnastirio Falirou, Olympiako Syngrotima Papaliakis Zonis Falirou
Kokuritsu Kyogijo
Kokuritsu Yoyogi Kyogijo
Kokuritsu Yoyogi Kyogijo (Annex)
Komazawa First Hockey Fields
Komazawa Gymnasium
Komazawa Gymnasium, Komazawa Olympic Park
Komazawa Hockey Fields, Komazawa Olympic Park
Komazawa Second Hockey Fields
Komazawa Stadium
Komazawa Stadium, Komazawa Olympic Park
Komazawa Third Hockey Fields
Komazawa Volleyball Court
Komazawa Volleyball Court, Komazawa Olympic Park
Kombinationssprungschanze
Kombinierte Kunsteisbahn für Bob-Rodel Igls
Kompleks Dlya Pryzhkov Na Lyzhakh s Tramplina "Russkiye Gorki", Mountain Cluster
Kompleks Dlya Sorevnovaniy Po Lyzhnym Gonkam i Biatlonu Laura, Mountain Cluster
Konnosportivny kompleks profsoyuzov, Bittsevsky park
Korakuen Hall
Korakuen Horu
Korakuen Ice Palace
Korketrekken
Kotka Sports Centre
Kotka Stadium
Kotkan Urheilukeskus
Kotzia Square
Koševo Stadium
Krachtsportgebouw
Kreuzeck Area
Kreuzeck-Gebiet
Krylatskoye Cycling Circuit
Kulm Palace
Kulm Palace Hotel Skating Rink
Kungliga Svenska Segelsällskapet
Kunsteis-Bob- und Rodelbahn
Kunsteisbahn, Messehalle
Kunsthalle Helsinki
Kupittaa Football Stadium
Kupittaan Jalkapallostadion
Kurhaus
Kvitfjell Alpine Centre
Kvitfjell Alpinsenter
Kwandong Hockey Centre
Kwandong Hockey Centre, Coastal Cluster (also known as Catholic Kwandong University Gymnasium)
Kwangju Stadium
Kyorlingovyi Tsentr Ledyanoy Kub, Coastal Cluster
Käpylä-Pakila
L'Anneau de Vitesse
L'Aérostation, Parc de Vincennes
L'Estadi Camp Nou (2000-Present)
L'Hospitalet Baseball Stadium
La Grande Salle des Fêtes de l'Exposition, Champs de Mars
La Halle de Glace
La Patinoire
La Piste de Bobsleigh
La Plagne - Olympic Bobsleigh and Luge Track (Piste Olympique de bobsleigh et de luge)
La Romareda Stadium, Zaragoza
Laakso
Lac Daumesnil
Lago Albano (also known as Lago di Castel Gandolfo)
Lago de Bañolas (also known as Estany Banyoles)
Lagoa Stadium
Lagoa Stadium, Rodrigo de Freitas Lagoon
Lahden Kisapuisto
Lahti Sports Park
Lake Albano
Lake Banyoles
Lake Casitas
Lake Lanier
Lake Misurina Rink
Lake Placid Equestrian Stadium
Lake Placid Olympic Village
Lake Sagami
Lake Sidney Lanier (also known as Lake Lanier)
Lake St. Moritz
Lake Wendouree
Lake Wendouree (Ballarat)
Langlaufstadion
Lansdowne Park
Laoshan BMX Venue
Laoshan Bicycle Moto Cross (BMX) Venue
Laoshan Mountain Bike Course
Laoshan Shandi Zixingche Chang
Laoshan Velodrome
Laoshan Xiaolunche Saichang
Laoshan Zixingcheguan
Laura Cross-Country Ski & Biathlon Complex
Laura Cross-Country Ski and Biathlon Centre
Lazio Clay Pigeon Shooting Range
Le Forum de Montréal
Le Recoin
Le Stand d'Issy-les-Moulineaux
Le Stand de Versailles
Le Stand de l'Île Séguin
Le Tremplin Olympique
Lebanese Sports Centre
Ledovaya Arena Shayba, Coastal Cluster
Ledovyi Dvorets Bolshoy, Coastal Cluster
Lee Valley White Water Centre
Legion Field
Legkoatletichesky manezh, Legkoatletichesky Futbolny Kompleks CSKA
Les Arcs - Speed Skiing Slope (Piste de Ski de Vitesse des Arcs)
Les Ménuires - Slalom Stadium (Stade de Slalom)
Les Saisies - Olympic Nordic Skiing Stadium (Stade Olympique de ski nordique)
León Stadium
Life Saving Exhibition Lake, Forest Park
Liljeholm Bridge-Olympic Stadium-Lake Mälär
Lillehammer Olympic Alpine Centre, Hafjell
Lillehammer Olympic Alpine Centre, Kvitfjell
Lillehammer Olympic Bobsleigh and Luge Track
Lillehammer Olympic Village
Lillestrøm Idrettsplass
Lillestrøm Sports Field
Lillestrøm Stadium
Lindarängen
Lingotto Oval
Little Papoose Peak
Llobregat Baseball Stadium
London 2012 Velodrome
London Aquatics Centre
London Aquatics Centre, Olympic Park
London Olympic Stadium
Long Beach Arena (?-Present)
Long Beach Marina
Long Beach Marine Stadium
Long Beach Performing Arts Center (?-Present)
Long Beach Sports Arena
Lord's Cricket Ground
Los Angeles Harbour
Los Angeles Memorial Coliseum
Los Angeles Memorial Sports Arena
Los Angeles Museum of History, Science and Art
Los Angeles Olympic Auditorium
Los Angeles Olympic Stadium
Los Angeles Olympic Village
Los Angeles Police Pistol Range
Los Angeles Police Pistol Range, Elysian Park
Los Angeles Swimming Stadium (?-?), John C. Argue Swim Stadium (?-Present)
Los Angeles Tennis Center
Luge Track
Luis Casanova Stadium
Luis Casanova Stadium, Valencia
Luzhniki Palace of Sports (?-Present)
Lynn Road
Lynn Road Stadium
Lyons Sports Ground, Sudbury Hill
Lysgårdsbakkene
Lysgårdsbakkene Ski Jumping Arena
M-Wave
Maartensdijk Forest
Maartensdijkse Bos
Maifeld, Reichssportfeld
Main Stadium or Melbourne Cricket Ground
Makomanai Biathlon Course
Makomanai Biathlon Site
Makomanai Cross Country Events Site
Makomanai Cross-Country Events Site
Makomanai Indoor Skating Rink
Makomanai Speed Skating Rink
Makuhari Messe
Malaya Sportivaya Arena Luzhniki (?-Present)
Malaya arena, Stadion Dynamo
Malaya arena, Tsentralny stadion imeni V. I. Lenina
Malmi Rifle Range
Malmi Shooting Range
Malmin Ampumarata
Malo Polje
Maly Ice Palace
Mané Garrincha National Stadium
Mané Garrincha Stadium
Mar Bella Pavillion
Maracanã Stadium
Maracanãzinho
Marathon circuit
Marble Stadium
Maria Lenk Aquatic Center
Maria Lenk Aquatics Centre
Marienlyst Stadion
Marienlyst Stadium
Marina Reservoir
Marina da Glória
Markopoulo Olympic Equestrian Centre
Markopoulo Olympic Shooting Centre
Marmi Stadium
Marne
Maurice Richard Arena
Maverik Center (2010-Present)
Max Bell Arena
May Field (Mai-feld)
May Field, Imperial Sports Field
McDonald's Olympic Swim Stadium (?-Present)
McKinney Creek Stadium
McMahon Stadium
Mei Bay
Meiji Jingu Yakyujo
Meilahti
Melbourne Cricket Ground
Melbourne Olympic Park Stadium
Melbourne Olympic Park Velodrome
Melbourne Olympic Swimming and Diving Stadium
Melbourne Olympic Village
Melbourne Sports and Entertainment Centre (?-?), The Glass House (?-?), Lexus Centre (2004-2009), Westpac Centre (2010-Present)
Memorial Hall, Waseda Daigaku
Memorial Hall, Waseda University
Merksem-Antwerp
Merrett Rifle Range
Messehalle (Indoor Skating Rink)
Messuhalli I
Messuhalli II
Metropolitan Fronton
Mexico Arena
Mexico Fronton
Mi-sa-ri Jo-jeong-gyeong-gi-jang
Miguel Hidalgo Olympic Village
Mikaho Indoor Skating Rink
Military Camp No. 1
Military Camp Nr. 1
Military Exercise Field
Military Lands Poing
Military Stadium (?-Present)
Military-Gelände Poing
Military-Gelände Poing, Poing/Riem
Millennium Stadium
Mineirão
Minerão
Minor Arena
Minor Arena, Central Lenin Stadium Area
Minor Arena, Dynamo Stadium
Minor Sports Palace
Misari Regatta Course
Mitsuzawa Football Field
Mitsuzawa Stadium
Miyagi Stadium (also known as Q&A Stadium Miyagi)
Miyanomori Jump Hill
Miyanomori Ski Jump
Mojmilo Olympic Village
Mollet Olympic Shooting Range
Mollet Shooting Range
Mommsen Stadium
Mommsen Stadium (Mommsenstadion)
Mommsenstadion
Mong-chon To-seong, Ol-lim-pik Gong-won
Mongchon Toseong, Olympic Park
Monte Faloria: Ilio Colli run
Montjuïc Municipal Pool
Montjuïc Olympic Stadium
Montjuïc Swimming Pool
Montreal Olympic Village
Montréal Forum
Morehouse College
Moscow-Minsk Highway
Mount Eniwa
Mount Royal Circuit
Mount Teine
Mount Teine Bobsleigh Course
Mount Teine Luge Course
Mount Whitney Cross-Country Skiing Route (Start and finish at the Olympic Stadium)
Mountain Bike Centre
Mountain Bike Course
Mountain Olympic Village
Mountainbike Course, Georgia International Horse Park
Mt Eniwa Downhill Events Site
Mt Teine Bobsleigh Course
Mt Teine Giant Slalom Events Site
Mt Teine Luge Course
Mt Teine Slalom Events Site
Mt Van Hoevenberg - Bob and Luge Runs
Mt Van Hoevenberg - Cross Country Complex
Mt Van Hoevenberg Bob Run
Mt. Higashidate, Shiga Kogen
Mt. Van Hoevenberg Recreation Area
Mt. Yakebitai, Shiga Kogen
Mu-deung Gyeong-gi-yang
Mudeung Stadium
Munich Olympic Regatta Course
Munich Olympic Stadium
Munich-Grünwald Circuit
Munich-Lindau Highway
Municipal Hockey Stadium, Magdalena Mixhuca Sports City
Municipal Museum
Municipal Olympic Stadium
Municipal Rink
Municipal Sports Park, Hilversum
Municipal Stadium
Municipal Velodrome
Musashino Forest Sports Plaza
Méribel - La Chaudanne Olympic Ice Rink (Patinoire Olympique "La Chaudanne" Méribel)
Méribel - Massif du Roc de Fer or Stade du Corbey
Nachtegalenpark
Nagano Olympic Stadium
Nagano Sports Park General Municipal Pool (1998-Present)
Nakiska Ski Area
Nakkufaibu Sutajiamu Omiya (2007-Presenet)
National Aquatics Centre
National Athletics Stadium (?-?), Canberra Stadium (?-Present)
National Auditorium
National Gymnasium
National Gymnasium Annex
National Indoor Stadium
National Indoor Stadium,
National Shooting Centre (?-present)
National Speed Skating Oval
National Stadium
Natural History Museum of Los Angeles County (1961-Present)
Navy-Marine Corps Memorial Stadium
Neo Faliro Velodrome
New National Stadium
New South Wales Tennis Centre
New South Wales Tennis Centre, Olympic Park (also known as NSW Tennis Centre)
Nezu Park
Nightingale Park
Nightingale Park (Nachtegalenpark)
Nikaia Olympic Weightlifting Hall
Nippatsu Mitsuzawa Stadium (?-Present)
Nippon Budokan (also known as Budokan)
Nippon Budokan Hall
Nishikyogoku Sutajiamu
Nishiyogoku Athletic Stadium
Nordic Combined Ski Jump
Norefjell
North Greenwich Arena
North Station Sports Hall
Northampton Institute
Nova Creu Alta Stadium
Nova Creu Alta Stadium, Sabadell
Nozawa Onsen Biathlon Venue
Nozawa Onsen Resort
Nymphenburg Palace
Nynäshamn
O2 Arena (2007-present)
OL-Amfi (also known as Nordlyshallen)
Oaklands Hunt Club
Ocoee Whitewater Center
Odaiba Marine Park
Odori Park
Oi Hockey Stadium
Okurayama Ski Jump
Okurayama Ski Jump Stadium
Ol-lim-pik Ju-gyeong-gi-jang, Seoul Sports Complex
Old Stadium, Het Nederlandsch Sportpark
Old Trafford
Olimpiyskiy Oval
Olympia Bobbahn
Olympia Bobrun
Olympia Eiskanal
Olympia Eissportplatz am Riessersee / Riessersee Ice Rink
Olympia Hafen
Olympia Skistadion
Olympia-Bobbahn
Olympia-Eissportplatz am Rießersee
Olympia-Eissportzentrum (?-Present)
Olympia-Eisstadion Badrutts Park
Olympia-Kunsteisstadion
Olympia-Kunsteisstadion/Eisstadium (Olympia Artificial Ice Stadium)
Olympia-Radstadion
Olympia-Regattastrecke, Oberschleißheim
Olympia-Skistadion
Olympiaeisstadion
Olympiahall (also known as Vikingskipet)
Olympiahalle
Olympiaki Engatastasi Bits Volei, Olympiako Syngrotima Papaliakis Zonis Falirou
Olympiaki Eukatastasi Oreivis Podilasias Parnithas
Olympiako Gymnastirio Ano Liosion
Olympiako Gymnastirio Arsis Varon Nikaias
Olympiako Gymnastirio Galatsiou
Olympiako Gymnastirio Goudiou, Olympiako Syngrotima Goudiou
Olympiako Gymnastirio Pygmakhias Peristeriou
Olympiako Kentro Antisfairises, Olympiako Athletiko Kentro Athinon Spiros Loues
Olympiako Kentro Beisbol, Olympiako Syngrotima Ellenikou
Olympiako Kentro Ippasias Markopoulou
Olympiako Kentro Istioploias Agiou Kosma
Olympiako Kentro Kanoe/Kagiak Slalom, Olympiako Syngrotima Ellenikou
Olympiako Kentro Khokei, Olympiako Syngrotima Ellenikou
Olympiako Kentro Modernou Pentathlou, Olympiako Syngrotima Goudiou
Olympiako Kentro Skopovolis Markopoulou
Olympiako Kentro Softbol, Olympiako Syngrotima Ellenikou
Olympiako Kentro Ugrou Stivou, Olympiako Athletiko Kentro Athinon Spiros Loues
Olympiako Kentro Vouliagmenis
Olympiako Kleisto Gymnastirio, Olympiako Athletiko Kentro Athinon Spiros Loues
Olympiako Kopelatodramio Skhoinia
Olympiako Podilatodromio, Olympiako Athletiko Kentro Athinon Spiros Loues
Olympiako Stadio, Olympiako Athletiko Kentro Athinon Spiros Loues
Olympiaschanze
Olympiaschanze St. Moritz
Olympiastadion St. Moritz (St. Moritz Olympic Stadium)
Olympiastadion, Olympiapark
Olympiastadion, Reichssportfeld
Olympic Amphitheatre
Olympic Aquatic Centre, Athens Olympic Sports Complex Spiros Loues
Olympic Aquatics Centre
Olympic Aquatics Stadium, Barra Olympic Park
Olympic Archery Field
Olympic Archery Fields, Krylatskoye Sports Complex
Olympic Arena
Olympic Artificial Ice Stadium
Olympic BMX Centre, Deodoro Olympic Park
Olympic Baseball Centre
Olympic Baseball Centre, Helleniko Olympic Complex
Olympic Basin, Notre Dame Island
Olympic Basketball Gymnasium
Olympic Beach Volleyball Centre
Olympic Beach Volleyball Centre, Faliro Coastal Zone Olympic Complex
Olympic Bobsleigh Track
Olympic Canoe/Kayak Centre, Helleniko Olympic Complex
Olympic Canoe/Kayak Slalom Centre
Olympic Cavern Hall
Olympic Center (?-2005), Herb Brooks Arena (2005-Present)
Olympic Cycling Circuit, Krylatskoye Sports Complex
Olympic Cycling Stadium
Olympic Equestrian Centre
Olympic Equestrian Centre, Deodoro Olympic Park
Olympic Fencing Gymnasium
Olympic Fencing Gymnasium, Olympic Park
Olympic Fencing Hall, Helleniko Olympic Complex
Olympic Field House International Ice Rink
Olympic Field House US Ice Rink
Olympic Golf Course, Marapendi Natural Reserve
Olympic Green Archery Field
Olympic Green Archery Field, Beijing Olympic Green
Olympic Green Convention Center
Olympic Green Hockey Field, Beijing Olympic Green
Olympic Green Tennis Center, Beijing Olympic Green
Olympic Gymnastics Hall
Olympic Gymnastics Hall, Olympic Park
Olympic Hall
Olympic Harbor
Olympic Harbour
Olympic Hockey Centre
Olympic Hockey Centre, Deodoro Olympic Park
Olympic Hockey Centre, Helleniko Olympic Complex
Olympic Ice Hall
Olympic Ice Hall (Halle Olympique)
Olympic Ice Stadium
Olympic Ice Stadium Badrutts Park
Olympic Indoor Arena, Helleniko Olympic Complex
Olympic Indoor Hall
Olympic Indoor Hall, Athens Olympic Sports Complex Spiros Loues
Olympic Indoor Swimming Pool
Olympic Jumping Hill (also known as Papoose Peak Jumps)
Olympic Modern Pentathlon Centre
Olympic Modern Pentathlon Centre, Goudi Olympic Complex
Olympic Mountain Bike Center, Deodoro Olympic Park
Olympic Oval
Olympic Oval (Anneau de vitesse)
Olympic Palace of Sports
Olympic Park Cross-Country Course
Olympic Park Stadium
Olympic Park Swimming Stadium
Olympic Park Swimming and Diving Stadium
Olympic Park Velodrome
Olympic Pool
Olympic Port
Olympic Regatta Course, Oberschleißheim
Olympic Rink
Olympic Rink at Rießersee
Olympic Saddledome
Olympic Shooting Centre, Deodoro Olympic Park
Olympic Shooting Range
Olympic Ski Jump
Olympic Ski Jumping Hill
Olympic Ski Stadium
Olympic Sliding Centre, Alpensia Resort, Mountain Cluster
Olympic Softball Centre, Helleniko Olympic Complex
Olympic Softball Stadium
Olympic Speed Skating Oval
Olympic Speed Skating Oval (Olympia Eisschnellaufbahn)
Olympic Sports Centre (OSC) Gymnasium
Olympic Sports Centre (OSC) Stadium
Olympic Sports Centre Gymnasium
Olympic Sports Centre, Beijing Olympic Green
Olympic Sports Park Swim Stadium
Olympic Stadium
Olympic Stadium (1932-?)
Olympic Stadium (Théâtre des Cérémonies)
Olympic Stadium, Athens Olympic Sports Complex Spiros Loues
Olympic Stadium, Imperial Sports Field
Olympic Stadium, Olympic Park
Olympic Stadium, Seoul Sports Complex
Olympic Stadium-Sollentuna-Olympic Stadium
Olympic Swim Stadium
Olympic Swim Stadium, University of Southern California
Olympic Swimming Stadium
Olympic Tennis Center
Olympic Tennis Center, Barra Olympic Park
Olympic Tennis Centre
Olympic Tennis Centre, Athens Olympic Sports Complex Spiros Loues
Olympic Tennis Courts
Olympic Velodrome
Olympic Velodrome, Athens Olympic Sports Complex Spiros Loues
Olympic Velodrome, California State University at Dominguez Hills
Olympic Velodrome, Krylatskoye Sports Complex
Olympic Velodrome, Olympic Park
Olympic Village
Olympic Village (Village Olympique)
Olympic Village UCLA
Olympic Village USC
Olympic Weightlifting Gymnasium
Olympic Weightlifting Gymnasium, Ol-lim-pik Gong-won
Olympic Weightlifting Gymnasium, Olympic Park
Olympic Whitewater Stadium, Deodoro Olympic Park
Olympic Yachting Centre
Olympic Yachting Centre, Portsmouth Harbour
Olympisch Stadion
Olympisch Stadion (also known as 't Kiel)
Olympisches Dorf
Olympiske Bob- og Akebane
Olympiske Fjellhall
Omiya Football Field
Omni Coliseum
Oostende
Orange Bowl
Orlando Stadium (1936-1946), Tangerine Bowl (1947-1975), Citrus Bowl (1976), Orlando Stadium (1977-1982)
Ormos tes Zeas (also known as Pasalimani)
Osakashi Nagai Rikujo Kyogijo
Outer Fjord
Oval Lingotto
Pabellón Club Joventut (also known as Pavelló Club Joventut)
Pabellón d'Ausiàs March (1972-1991), Pabellón de los Países Catalanes (?-Present)
Pabellón de la España Industrial (also known as Pavelló de l'Espanya Industrial)
Pabellón de la Mar Bella (also known as Pavelló de la Mar Bella)
Pabellón de la Vall d'Hebron (also known as Pavelló de la Vall d'Hebron)
Pacific Coliseum
Pacific Ocean Lane
PalaEUR (?-?)
Palace of Engineering
Palace of Engineering (Wembley Empire Exhibition Site)
Palace of Metallurgy
Palace of Sports
Palace of Sports (CSKA)
Palace of Sports, Central Lenin Stadium Area
Palace of the Le Havre Regatta Society
Palace-Hotel
Palacio Municipal de Deportes de Badalona (also known as Pabellón Olímpico de Badalona)
Palacio de Deportes de Granollers (also known as Palau d'Esports de Granollers)
Palacio de la Metalurgia (also known as Palau de Metal-lúrgia)
Palacio de los Deportes (?-Present)
Palacio de los Deportes (also known as Palau dels Esports)
Palaghiaccio
Palais de la Société des Régates du Havre
Palais des Sports
Palais des sports de Sherbrooke
Palasport Olimpico
Palau Blaugrana
Palau Sant Jordi
Palau d'Esports, Badalona
Palau d'Esports, Barcelona
Palau d'Esports, Granollers
Palau de la Metal-lúrgia
Palavela
Palavela (also known as Palazzo a Vela)
Palazzetto dello Sport (also known as PalaFlaminio, PalaTiziano)
Palazzo dei Congressi
Palazzo delle Mostre (?-?)
Palazzo dello Sport (also known as PalaLottomotica)
Pampeloponnisiako Stadio
Pampeloponnisiako Stadium
Pan-Cretan Stadium
Pan-Pelopennese Stadium
Pan-Thessaliko Stadium
Panathenaic Stadium
Panathinaiko Stadio (also known as Kallimarmaro)
Pankritio Stadio
Pankritio Stadium
Panther Stadium, Clark Atlanta University
Panthessaliko Stadio
Panthessaliko Stadium
Papoose Peak Olympic Jumping Hill
Parc Lansdowne
Parc Sylvie-Daigle (?-Present)
Parc del Segre, La Seu d'Urgell
Parc des Sports
Parc des Sports de Reims / Stand de la Société de Tir de Reims / Stade Olympique de Reims
Paris Longue Paume Society grounds, Luxembourg Garden
Paris Pelota Court
Paris Polo Club, Bagatelle, Boulogne Forest
Paris Sailing Circle
Paris Stadium
Park City Mountain Resort
Parnitha Olympic Mountain Bike Venue
Parque Aquático Maria Lenk, Parque Olímpico da Barra
Parque Olímpico del Segre (also known as Parc Olímpic del Segre)
Passo Corese
Patinoire Municipale
Patinoire Olympique
Patscherkofel
Pau Negre Stadium
Paul Sauvé Arena
Pauley Pavilion
Pavelló Club Joventut, Badalona
Pavelló d'Esports
Pavelló de l'Ateneu
Pavelló de la Mar Bella
Pavelló de la Vall d'Hebron
Pavelló del Club Patí
Pavelló l'Espanya Industrial
Pavillon de l'Éducation Physique et des Sports de l'Université Laval (also known as PEPS Laval)
Pavillon de l'éducation physique et des sports, Université Laval
Peace and Friendship Stadium
Peace and Friendship Stadium, Faliro Coastal Zone Olympic Complex
Peaks Ice Arena
Peking University (PKU) Gymnasium
Pelouse de Bagatelle, Bois de Boulogne
Pen-sing Gyeong-ji-jang, Ol-lim-pik Gong-won
Penrith Whitewater Stadium
Pepsi Forum (1997-Present)
Percival Molson Memorial Stadium
Peristeri Olympic Boxing Hall
Pershing Stadium
Phaleron Bay
Phoenix Snow Park, Mountain Cluster (also known as Bokwang Sport Park)
Physical Culture Gymnasium
Physical Culture Gymnasium, Washington University
Piazza di Siena
Piazza di Siena, Villa Borghese
Pierre Charbonneau Centre, Olympic Park
Piestewa Peak, KT-22 Mountain and Papoose Peak
Pinerolo Palaghiaccio
Piscina Municipal de Montjuïc
Piscina delle Rose
Piscinas Bernat Picornell (also known as Piscines Bernat Picornell)
Piscine Olympique
Piscine des Tourelles
Piscine olympique
Pista Ilio Colli
Pista Olimpia
Pista Olímpico Virgilio Uribe
Pista de Hielo Insurgentes
Pista de Hielo Revolución
Pista del Bob
Pista di Misurina
Pista za brzo klizanje Zetra
Piste de Bobsled
Piste de Bobsleigh
Piste de Bobsleigh et Luge
Piste de Luge
Piste des Pélerins
Pistol Range
Piz Nair
Place de Breteuil
Plateia Kozia (also known as Plateia Ludovikou)
Plavatelny basseyn, Sportivny kompleks Olimpiysky
Plavatelny basseyn, Tsentralny stadion imeni V. I. Lenina
Podilatodromio Neou Falirou
Police Stadium
Police Stadium (Polizeistadion)
Polideportivo Estación del Norte (also known as Poliesportiu Estació del Nord)
Poligono Umberto I
Polizeistadion
Polo Club de Paris, Bagatelle, Bois de Boulogne
Polo de Bagatelle
Polya dlya strelby iz luka, Sportivny komplex Krylatskoye
Polytechnic Sports Ground
Polytechnic Stadium
Polígono de Tiro Vicente Suárez, Campo Militar No. 1
Pontal
Pontal Beach
Port Phillip Bay
Port of Los Angeles
Porvoo Central Field
Porvoon Keskuskenttä
Post Stadium
Post Stadium (Poststadion)
Poststadion
Power Sports Building
Prado Olympic Shooting Park (?-Present)
Prado Recreational Area
Pragelato Plan
Praia do Pontal
Pralognan-la-Vanoise - Ice Rink (Patinoire de Pralognan-la-Vanoise)
Pratoni del Vivaro
Prince Chichibu Memorial Football Field
Prince Chichubu Rugby Stadium
Prince's Galleries, Piccadilly (Prince's Hall)
Prince's Hall
Prince's Skating Club, Montpelier Square
Proponitirio Toksovolias
Puerto Olímpico (also known as Port Olímpic)
Pusan Stadium
Pusan Yachting Center
PyeongChang Olympic Stadium
PyeongChang Olympic Village
Qingdao Aolinpike Fanchuan Zhongxin
Qingdao International Sailing Centre
Qingdao Olympic Sailing Centre
Qinghuangdao Shi Ao Ti Zhongxin Tiyuchang
Qinhuangdao Olympic Sports Center Stadium
Qinhuangdao Olympic Sports Centre Stadium
Queen's Club
RCD Espanyol Stadium (Estadi de Sarrià)
Racing Field, Vincennes Park
Radstadion, Olympiapark
Raleigh Runnels Memorial Pool
Raleigh Runnels Memorial Pool, Pepperdine University
Rasunda Athletic Sports Grounds (Rasunda Idrottsplats)
Ratina Stadium
Ratinan Stadion
Real Club de Polo
Real Club de Polo (also known as Reial Club de Polo)
Regatta Course
Regattabahn
Reitstadion, Riem
Reitstadion, Riem/Riding Stadium
Republican Stadium
Respublikansky stadion
Revolution Ice Rink
Rice-Eccles Olympic Stadium
Richmond Olympic Oval
Ricoh Arena (2005-present)
Riding School, Willem III Barracks
Riding Stadium, Riem
Rijschool, Willem III-kazerne
Ringer-Judo-Halle, Messegelände (Halle 14)
Ringvaart
Rink at Misurina
Rio Olympic Aquatics Stadium
Rio Olympic Arena
Rio Olympic Arena, Barra Olympic Park
Rio Olympic BMX Centre
Rio Olympic Equestrian Centre
Rio Olympic Golf Course
Rio Olympic Hockey Centre
Rio Olympic Shooting Centre
Rio Olympic Stadium
Rio Olympic Tennis Centre
Rio Olympic Velodrome
Rio Olympic Velodrome, Barra Olympic Park
Rio Olympic Village
Riocentro - Pavilion 2
Riocentro - Pavilion 6
Riocentro Pavilhão 2, Parque Olímpico da Barra
Riocentro Pavilhão 3, Parque Olímpico da Barra
Riocentro Pavilhão 4, Parque Olímpico da Barra
Riocentro Pavilhão 6, Parque Olímpico da Barra
Riocentro – Pavilion 3
Riocentro – Pavilion 4
Riverbank Arena
Riverbank Arena, Olympic Park
Riviera Country Club
Ro-yal Bol-ling Sen-ta
Road Cycling Course
Robert F. Kennedy Memorial Stadium
Robert F. Kennedy Memorial Stadium (also known as RFK Stadium)
Roma Acquasanta Golf Club
Romareda Stadium
Rome Olympic Velodrome
Rosa Khutor Alpine Center
Rosa Khutor Alpine Centre
Rosa Khutor Extreme Park
Rose Bowl
Rose Bowl Stadium
Rose Swimming Pool
Rosenau Stadium
Rosenau-Stadion
Royal Artillery Barracks
Royal Australian Air Force Station
Royal Beerschot Tennis & Hockey Club
Royal Beerschot Tennis and Hockey Club
Royal Bowling Centre
Royal Clyde Yacht Club
Royal Clyde Yacht Club, Hunters Quay
Royal Exhibition Building
Royal Exhibition Building Annex
Royal Military Academy Sandhurst
Royal Military Academy, Sandhurst
Royal Polo Club
Royal Swedish Sailing Society
Royal Tennis Halls (Tennishallen)
Royal Tennis Pavilion
Rudi-Sedlmayer-Halle (?-Present)
Rue Borghese
Rundkurs Grünwald
RusSki Gorki Jumping Center
RusSki Gorki Ski Jumping Centre
Rushcutters Bay
Rushcutters Bay Marina
Ruskeasuo Sports Park
Ruskeasuo/Tali/Laakso
Ruskeasuon liikuntapuisto
Ryde Aquatic Leisure Centre
Ryde Pier
Ryde Pier, Ryde, Isle of Wight
Ryōgoku Kokugikan
Råsunda
Råsunda Fotbollstadion (1937-present)
Råsunda Idrottsplats
Råsunda Sports Grounds
Rødkleiva
SS Lazio Shooting Club
SSV Jahn-Regensburg Stadium
Saemaul Sports Hall
Sagami-ko
Saint-Cloud Country Club
Saint-Cloud Country Club (also known as Hippodrome Val d'Or)
Saitama Stadium 2002
Saitama Super Arena
Saitamashi Omiya Koen Sakkajo
Sala de Armas Fernando Montes de Oca, Ciudad Deportiva Magdalena Mixhuca
Salastrains
Salt Lake City Ice Center
Salt Lake City Olympic Village
Salt Lake Ice Center
Sambadrome
Sambódromo
Sambódromo da Marquês de Sapucaí
San Sicario Fraiteve
Sandhamm
Sandvika Kadettangen Stadium
Sanford Stadium
Sang-mu Che-yuk-gwan
Sangmu Gymnasium
Sangmu Gynmasium
Sanki Sliding Centre
Sankt Moritzersee
Sant Sadurní Cycling Circuit
Sant Sadurní cycling circuit
Santa Anita Park
Santa Monica Canyon
Sapporo Dome
Sapporo Olympic Village
Sarría Stadium
Satellite Course
Satory Camp
Sauze d'Oulx-Jouvenceaux
Schermzaal
Schietbaan, Het Kiel (also known as Den Tir)
Schietterrein
Schießanlage, Hochbrück
Schießstände
Schießstände (Deutsche Versuchsanstalt für Handfeuerwaffen)
Schinias Olympic Rowing and Canoeing Centre
Schwimmhalle, Olympiapark
Schwimmstadion, Reichssportfeld
Scuola di Fanteria dell'Esercito Italiano
Sea Forest Cross-Country Course
Sea Forest Waterway
Seefeld
Segre Olympic Park
Seine River
Seine basin
Seine, Courbevoie Bridge – Asnières Bridge
Seine, Pont de Courbevoie – Pont d'Asnières
Selhurst Park
Seo-ul Gyeong-ma Gong-won
Seong-nam Jong-hab-un-dong-jang
Seongnam Stadium
Seoul Equestrian Park
Seoul National University Gymnasium
Seoul Olympic Village
Seoul Race Park (?-Present)
Sestriere Borgata and Sestriere Colle
Sestriere Olympic Village
Shanghai Stadium
Shanghai Tiyuchang
Shayba Arena
Shenyang Aolinpike Tiyu Zhongxin Tiyuchang
Shenyang Olympic Sports Center Stadium
Shenyang Olympic Stadium
Sherbrooke Stadium
Shibuya CC Remon Horu (?-Present)
Shibuya Kokaido
Shibuya Public Hall
Shiga Kogen - Kanbayashi Snowboard Park
Shiga Kogen - Mount Higashidate
Shiga Kogen - Mount Yakebitai
Shiokaze Park Stadium
Shooting Range
Shooting Range, Het Kiel
Shooting Range, Het Kiel (Shieetbaan, Het Kiel)
Shooting Range, Hochbrück
Shooting Ranges at Ruhleben
Shooting Ranges at Wannsee
Shooting Stand of Séguin Island
Shooting Stands
Shooting Stands (German Handgun Research Institute)
Shooting Terrain
Shoudu Tiyguan
Shunyi Aolinpike Shuishang Gongyuan
Shunyi Olympic Rowing-Canoeing Park
Shunyi Olympic Rowing-Canoeing Park – Canoe slalom course
Shunyi Olympic Rowing-Canoeing Park – Rowing & canoe sprint course
Siena Square, Villa Borghese
Simstadion, Djurgårdsbrunnsviken
Skant Moritzersee
Skenderija Cultural and Sports Centre
Skenderija II Hall
Ski Jump Italia
Ski Jumping Stadium
Ski Jumping Stadium (Stade de saut)
Ski Stadium
Skistadion
Skopeftirion
Slalom Stadium
Sliding Center Sanki
Sloten Canal
Small Sports Palace
Snow Harp
Snow Stadium
Snowbasin Ski Area
Snowbasin Ski Resort
Société des sports de l'île de Puteaux
Softball Centre
Softball Centre, Blacktown Olympic Centre
Sogn Olympic Village
Sokolniki Palace of Sports
Sokolniki Sports Palace
Soldier Hollow
Southampton Water
Speed Skating Oval
Speed Skating Rink
Speed Skating Rink at the Olympic Ice Stadium
Spiral Track
Sport Society of Puteaux Island
Sportforum, Turnhalle, Reichssportfeld
Sporthalle Augsburg
Sporthalle Böblingen
Sporthalle, Olympiapark (also known as Olympiahalle)
Sportpark
Sports Arena, Long Beach Convention and Entertainment Center
Sports Direct Arena
Sports Forum, Gymnastics Hall, Imperial Sports Field
Sports Hall
Sports Hall, Augsburg
Sports Hall, Boblingen
Sports Hall, Olympic Park
Sports Palace
Sports Palace, CSKA Sports Complex
Sports Park
Sports Pavilion
Sports Pavillion
Squaw Peak
St James' Park
St Kilda Town Hall
St. George's Palace
St. Michel Arena
St. Moritz Olympia Bob Run
St. Moritz Olympic Stadium
Stade Bergeyre
Stade Molson de l'Université McGill
Stade Nautique Georges Vallerey (?-present)
Stade Nautique des Tourelles / Piscine des Tourelles
Stade Olympique
Stade Olympique de Chamonix / Stade de Glace (du Bouchet)
Stade Olympique de Colombes
Stade Olympique de Grenoble
Stade Olympique de Montréal
Stade Percival-Molson (also known as Stade Molson, Molson Stadium)
Stade Pershing
Stade Sherbrooke
Stade Tennis de Colombes
Stade Varsity
Stade d'Escrime de Colombes
Stade d'Escrime de Colombes / Stade de Colombes
Stade d'Hiver de l'Université de Montréal
Stade d'hiver de l'Université de Montréal
Stade de Glace
Stade de Paris
Stade de Paris (also known as Stade Bauer)
Stade de Sherbrooke
Stade de Slalom
Stade de Tennis de Colombes
Stade du Matin (1907-1919), Stade Yves-de-Manoir (1928-present)
Stade du Parc Duden
Stade olympique, Parc olympique
Stadio Adriatico
Stadio Adriatico Giovanni Cornacchia (2009-Present)
Stadio Ardenza
Stadio Arkhaias Olympias
Stadio Artemio Franchi (1991-Present)
Stadio Comunale
Stadio Edda Ciano Mussolini (1935–1945), Yankee Stadium (?-?), Stadio Armando Picchi (1960s-Present)
Stadio Eirinis kai Filias (SEF), Olympiako Syngrotima Papaliakis Zonis Falirou
Stadio Flaminio
Stadio Fuorigrotta
Stadio Georgios Karaiskakis
Stadio Olimpico
Stadio Olimpico Carlo Zecchiní (?-Present)
Stadio Olimpico Comunale
Stadio Olimpico Torino
Stadio Olimpico del Nuoto
Stadio Romano e Armando Apollonio
Stadio San Paolo (?-Present)
Stadio Tre Fontane
Stadio XXVII Ottobre (?-?), Stadio Tommaso Fattorí (?-Present)
Stadio dei Cipressi (1930-1950), Stadio dei Centomila (1950-1960)
Stadio dei Marmi
Stadio del Ghiaccio
Stadio del Trampolino
Stadio della Neve
Stadion Broodstraat
Stadion Dynamo
Stadion Yunykh pionerov
Stadion am Gesundbrunnen
Stadion am Gesundbrunnen (Herta-BSC ground)
Stadion imeni Kirova
Stadium Australia (1999-2002), Telstra Stadium (2002-2007), ANZ Stadium (2008-Present)
Stadiwm y Mileniwm
Stampede Corral
Stand d'Issy-les-Moulineaux
Stand de Versailles
Stand de l'île Séguin
Stand de tir olympique
Stanford Stadium
State Armory of the 160th Infantry, Olympic Park
State Hockey Centre
State Hockey Centre, Olympic Park
State Sports Centre
State Sports Centre, Olympic Park
Stedelijk Museum
Stegeman Coliseum (1996-Present)
Stockholm Cross Country Riding Club Stadium
Stockholm Olympic Stadium
Stockholm Olympic Stadium (Olympiastadion)
Stockholm Olympic Village (Karlberg Castle, Stockholm)
Stockholm Olympic Village (Näsby Castle, Stockholm)
Stockholms Fältridklubbs Stadion
Stockholms Fältridklubbs Stadion / Stockholm Cross Country Riding Club Stadium
Stockholms Olympiastadion (also known as Stockholms Stadion)
Stone Mountain Archery Center
Stone Mountain Park Archery Center
Stone Mountain Park Tennis Center
Stone Mountain Park Velodrome
Stone Mountain Tennis Center
Stone Mountain Velodrome
Strelbishche Dynamo
Städtisches Stadion
Su-won Sil-nae Che-yuk-gwan
Su-yeong-jang, Ol-lim-pik Gong-won
Sunset Fields Golf Club
Sunset Fields Golf Club of Los Angeles
Suvretta
Suvretta House Ice Rink
Suvretta-Haus
Suwon Gymnasium
Suwon Gymnastium
Swimming Hall, Olympic Park
Swimming Pool
Swimming Pool (OlimpiyskiySports Complex)
Swimming Pool, Central Lenin Stadium Area
Swimming Pool, Olympiysky Sports Complex
Swimming Stadium
Swimming Stadium, Djurgården Bay
Swimming Stadium, Imperial Sports Field
Swimming stadium
Sydney Baseball Stadium, Olympic Park
Sydney Convention Centre, Sydney Convention and Exhibition Centre
Sydney Convention and Exhibition Centre
Sydney Entertainment Centre
Sydney Entertainment Centre (also known as SEC)
Sydney Exhibition Centre, Sydney Convention and Exhibition Centre
Sydney Football Stadium
Sydney International Aquatic Centre
Sydney International Aquatic Centre, Olympic Park
Sydney International Archery Park
Sydney International Archery Park, Olympic Park
Sydney International Equestrian Centre
Sydney International Equestrian Centre (also known as SIEC)
Sydney International Regatta Centre
Sydney International Shooting Centre
Sydney Olympic Park Archery Centre
Sydney Olympic Village
Sydney Opera House
Sydney Showground (?-Present)
Sydney SuperDome, Olympic Park
Sydney Superdome
Taegu Stadium
Taejon Stadium
Taeneung International Shooting Range
Taenung International Shooting Range
Taival Bay
Taivallahti
Tali
Tallinna Olümpiapurjespordikeskus (also known as Pirita TOP)
Te-ni-seu-jang, Ol-lim-pik Gong-won
Teatro de los Insurgentes
Tennis Courts and Tennis Stadium
Tennis Courts and Tennis Stadium, Imperial Sports Field
Tennis Palace
Tennis Pavilion at Östermalm Athletic Grounds (Östermalm Idrottsplats)
Tennis de la Vall d'Hebron
Tennispalatsi
Tennispaviljongen
Tennisplätze, Reichssportfeld
Terme di Caracalla
Terrace Theater, Long Beach Convention and Entertainment Center
Terrain de Polo de Bagatelle
Terrain de la Société de longue paume de Paris, Jardin du Luxembourg
Terrain de la Société des Sports de Compiègne
Terrain de tir à l'arc olympique
Terrassa Hockey Stadium
Terrasse du Jeu de Paume, Jardin des Tuileries
The Arena
The Dome and Exhibition Complex, Olympic Park
The Forum
The Great Western Forum (1988-2003)
The Ice Ribbon
The Ice Sheet (also known as Weber County Ice Sheet)
The Ice Sheet at Ogden
The Mall
The Merritt Rifle Range or Williamstown Rifle Range
The Omni Coliseum (also known as The Omni)
The Peaks Ice Arena
The Spiral
Theatre of the Insurgents
Three Fountains Stadium
Three Rivers Stadium
Tiananmen Square National Stadium Marathon Course
Tianjin Aolinpike Zhongxin Tiyuchang (also known as Water Drop)
Tianjin Olympic Center Stadium
Tianjin Olympic Centre Stadium
Tieren Sanxiang Saichang
Tignes - Freestyle Skiing Stadium or Stade de Lognan (Stade de ski artistique et acrobatique)
Titan Gym, California State University at Fullerton
Titan Gymnasium
Toda Rowing Course
Tofana di Mezzo: the Olympia, Canalone and Col Druscié runs
Tokorozawa Clay Pigeon Shooting Range
Tokyo International Forum
Tokyo Metropolitan Gymnasium
Tokyo Metropolitan Indoor Swimming Pool
Tokyo Olympic Village
Tokyo Stadium (also known as Ajinomoto Stadium)
Tokyo Tatsumi International Swimming Center
Tokyo University Kemigawa Playing Grounds
Tom Lowe Shooting Grounds (?-Present)
Tongdaemun Stadium
Tongil-ro Circuit
Tongil-ro Cycling Circuit
Toni Seelos Olympiaschanze (?-Present)
Toni Seelos Schanze (Olympiaschanze)
Torbay
Torino Esposizioni
Torino Exposition
Tourelles Swimming Pool
Town Hall
Trade Union Equestrian Centre/Complex
Trade Union's Equestrian Complex, Bitsevsky Park
Trampolino Italia
Trampolino Olimpico Pragelato
Traneberg Athletic Sports Grounds (Tranebergs Idrottsplats)
Traneberg Sporting Grounds
Tranebergs Idrottsplats
Trebevic Olympic Bobsleigh and Luge Track
Tremplin Olympique du Mont
Tremplin de saut à ski de Saint Nizier/Tremplin du Dauphiné
Tremplin du Claret
Triathlon Venue
Trotsky Red Stadium (1923), Red Stadium (1924-1935), Kosior Republican Stadium (1936-1938), Republican Stadium (1938-1941), Khrushchev Republican Stadium (1941), All-Ukrainian Stadium (1941-1943), Khrushchev Republican Stadium (1944-1962). Central Stadium
Truppenübungsplatz
Tsentr Sannogo Sporta Sanki, Mountain Cluster
Tsentralnaya arena, Sportivny kompleks Olimpiysky (also known as Olimpiyskiy)
Tsukisamu Indoor Skating Rink
Tsukisaumu Indoor Skating Rink
Tsurigasaki Surfing Beach
Tuileries Garden
Tuja-Stadion (2008-Present)
Turin Olympic Village
Turner Field (?-Present)
Tweseldown Racecourse
Töölö Football Field
Töölö kisahalli I (1975-Present)
Töölö kisahalli II (1975-Present)
Töölön Pallokenttä
Tōkyō Taiikukan
Tōkyō Taiikukan Indoor Swimming Pool
UBC Thunderbird Arena
UBC Thunderbird Arena (also known as Doug Mitchell Thunderbird Sports Centre)
US Life Saving Lake / Life Saving Exhibition Lake
Ullevål Olympic Village
Ulriksdal Race Track, Kapplöpningsbana (Stockholm)
Umberto I Rifle Range
Umberto I Shooting Range
Universalny sportivny komplex CSKA imeni A. Y. Gomelskogo (2005-Present)
Universalny sportivny zal Druzhba
University Olympic Pool, National Autonomous University of Mexico
University Olympic Stadium
University of Georgia Coliseum
University of Montréal Winter Stadium
Urban Road Cycling Course
Utah Olympic Oval
Utah Olympic Park
Uxendon Farm (19th century)
Uxendon Shooting School Club
Val d'Isère - Massif de Bellevarde
Vall d'Hebron Municipal Tennis Centre
Vall d'Hebron Pavillion
Vancouver Olympic Center
Vancouver Olympic Centre (also known as Vancouver Olympic/Paralympic Centre)
Vancouver Olympic Stadium
Vancouver Olympic Village
Varsity Stadium
Veliko Polje
Velodrome
Velodrome Olimpico
Velodrome, London Velopark, Olympic Park (also known as The Pringle)
Velodrome, Olympic Park
Velodromo Fausto Coppi
Velotrek, Sportivny kompleks Krylatskoye
Velòdrom
Velódromo Olímpico Agustín Melgar, Ciudad Deportiva Magdalena Mixhuca
Velódromo Olímpico do Rio, Parque Olímpico da Barra
Velódromo de Horta (also known as Velòdrom d'Horta)
Veritas Stadion (2003-Present)
Versailles Shooting Stands
Viale Oceano Pacifico
Vicente Suárez Shooting Range
Vicente Suárez Shooting Range, Military Camp Nr. 1
Victoria & Albert Museum
Viladecans Baseball Stadium
Virgilio Uribe Olympic Course
Virgilio Uribe Rowing and Canoeing Course
Volleyball Hall
Volleyball Hall, Olympic Park
Volleyballhalle, Olympiapark
Vouliagmeni Olympic Centre
Vélodrome Jacques-Anquetil (1987-Present)
Vélodrome Municipal de Vincennes (also known as La Cipale)
Vélodrome d'Anvers Zurenborg
Vélodrome d'Hiver
Vélodrome d'Hiver (also known as Vel d'Hiv)
Vélodrome de Vincennes
Vélodrome municipal de Vincennes
Vélodrome olympique, Parc olympique
Waldbühne (?-present)
Walking circuit
Walter-Ulbricht-Stadion (1950-1971), Stadion der Weltjugend (1971-1992)
Wannsee Golf Course
Waseda Memorial Hall
Wassaw Sound
Water Polo Arena
Water Polo Arena, Olympic Park
Weightlifting Hall
Weightlifting Hall, Exhibition Lands (Hall 7)
Weingart Stadium
Weingart Stadium, East Los Angeles College
Wellington Racing Track
Wellington Racing Track (Wellingtonrenbaan)
Wellingtonrenbaan
Wembley Arena
Wembley Stadium
West Melbourne Stadium
Westend Tennis Hall
Westendin tennishalli
Weymouth and Portland
Weymouth and Portland National Sailing Academy
Whistler Creekside
Whistler Olympic Park
Whistler Olympic Park – Cross-Country Skiing Stadium – Biathlon Stadium – Ski Jumps
Whistler Olympic Village
Whistler Sliding Center
Whistler Sliding Centre
White City Stadium (also known as The Great Stadium)
White Hart Lane
White Hart Lane (also known as The Lane)
White Ring
Whiteface Mountain
Whiteface Mountain Ski Area
Whitewater Stadium
Willebroek Canal (Willebroekse Vaart)
Willebroek Channel
Willebroekse Vaart
William Woolett, Jr. Aquatics Center
Wimbledon
Windsor Great Park
Winter Velodrome
Wolf Creek Shooting Complex
Wondang Ranch
Workers Stadium
Wrestling Hall
Wrestling and Judo Hall
Wrestling-Judo Hall, Exhibition Lands (Hall 14)
Wukesong Bangqiuchang
Wukesong Baseball Field
Xianggang Tiyu Xueyuan
Xiaohaituo Alpine Skiing Field, 国家高山滑雪中心, Chinese National Alpine Skiing Centre
Yacht Club
Yachting Centre
Yanqing National Alpine Skiing Centre
Yanqing National Sliding Centre
Ying Tung Natatorium
Yingdong Natatorium of National Olympic Sports Centre
Yingdong Youyongguan, Beijing Aolinpike Gongyuan
Yokohama Bunka Taiikukan
Yokohama Cultural Gymnasium
Yokohama Stadium
Yokohama Sutajiamu
Yongpyong Alpine Centre
Yongpyong Alpine Centre, Mountain Cluster
Young Pioneers Stadium
Youth Arena
Youth Arena, Deodoro Olympic Park
Yoyogi National Gymnasium
Yoyogi National Gymnasium (Annex)
Yumenoshima Park Archery Field
Zappeion
Zeeburg Rifle Range
Zeekanaal Brussel-Schelde (?-present)
Zetra Complex - Olympic Hall
Zetra Complex - Speed Skating Stadium
Zetra Hall
Zhangjiakou National Ski Jumping Centre
Zhangjiakou Nordic Centre and Biathlon Centre
Zhongguo Nongye Daxue Tiyuguan
Zuiderzee
Zwemstadion
Zwemstadion van Antwerpen
Étienne Desmarteau Centre
Île des Cygnes
Östermalm Sporting Grounds
Östermalms Idrottsplats
さいたまスーパーアリーナ
カシマサッカースタジアム
両国国技館, Ryōgoku Sumo Hall
伊豆ベロドローム
味の素スタジアム
国立代々木競技場
埼玉スタジアム2002
大通公園, Ōdōri Kōen
富士スピードウェイ (Fuji Supīdowei)
幕張メッセ
日産スタジアム
有明テニスの森公園, Ariake Tenisu no Mori Kōen
札幌ドーム
東京国際フォーラム, Tōkyō Kokusai Fōramu
東京辰巳国際水泳場 (Tōkyō Tatsumi Kokusai Suieijō)
海の森水上競技場
霞ヶ関カンツリー倶楽部
가톨릭 관동대학교 아이스하키II 경기장
강릉 스피드 스케이팅 경기장
강릉 실내 빙상경기장
강릉 아이스 아레나
강릉 아이스하키I 경기장
보광 휘닉스 파크
알펜시아 바이애슬론 센터
알펜시아 스키점프 경기장
알펜시아 슬라이딩 센터
알펜시아 크로스컨트리 센터
용평리조트
정선 알파인 경기장
